date,geographic_regime_code,geographic_regime,valid_pairs,mean_rainfall_mm,bias_mm,mae_mm,rmse_mm,correlation,agreement_score
2018-07-01,0,Interior plain,3108.0,6.414683818817139,5.27472448348999,8.95790958404541,16.99911880493164,0.3637696656045135,0.6501165628433228
2018-07-01,1,Coastal plain,479.0,5.220668792724609,-0.5744492411613464,6.700957775115967,11.780033111572266,0.19061664000509473,0.6892561316490173
2018-07-01,2,Interior orographic,943.0,9.197596549987793,-3.566232442855835,10.991527557373047,21.60099220275879,0.4227917878282956,0.650512158870697
2018-07-01,3,Coastal orographic,102.0,7.306167125701904,0.2730821371078491,8.253067016601562,12.102802276611328,0.15140210861910444,0.599446713924408
2018-07-02,0,Interior plain,3108.0,8.036137580871582,0.7350761294364929,7.907476902008057,14.939424514770508,0.5857601203178155,0.7058097720146179
2018-07-02,1,Coastal plain,479.0,7.203894138336182,6.516960620880127,9.335387229919434,15.226899147033691,0.2815302873634865,0.6127904653549194
2018-07-02,2,Interior orographic,943.0,11.73818302154541,-3.2261855602264404,13.705631256103516,26.5549259185791,0.4411340150478183,0.6265318989753723
2018-07-02,3,Coastal orographic,102.0,10.226617813110352,7.686569690704346,13.178305625915527,17.085601806640625,-0.007592415708350868,0.4995076358318329
2018-07-03,0,Interior plain,3108.0,7.386910438537598,-0.8613505363464355,8.810027122497559,17.043195724487305,0.25667643797322326,0.6837890148162842
2018-07-03,1,Coastal plain,479.0,15.51513385772705,6.481672763824463,15.463844299316406,25.702322006225586,0.3949364400164737,0.6029855012893677
2018-07-03,2,Interior orographic,943.0,11.630849838256836,-3.4712255001068115,11.971696853637695,21.010725021362305,0.44401244675157137,0.6336479783058167
2018-07-03,3,Coastal orographic,102.0,13.95056438446045,1.1871329545974731,11.913061141967773,17.811237335205078,0.5078795843915472,0.6205413937568665
2018-07-04,0,Interior plain,3108.0,5.912712574005127,0.6060330867767334,7.203649044036865,14.854941368103027,0.2799550722982528,0.7061066627502441
2018-07-04,1,Coastal plain,479.0,14.863611221313477,3.90976881980896,13.728089332580566,23.358123779296875,0.6102146942031043,0.659428060054779
2018-07-04,2,Interior orographic,943.0,11.495879173278809,-5.698732852935791,11.375550270080566,22.972780227661133,0.5988361765996205,0.6620548963546753
2018-07-04,3,Coastal orographic,102.0,14.134088516235352,2.8841962814331055,8.898659706115723,15.738245964050293,0.8065018389994295,0.7181252837181091
2018-07-05,0,Interior plain,3108.0,5.161207675933838,0.7100474238395691,6.37252140045166,11.921189308166504,0.23697679556566603,0.7116321921348572
2018-07-05,1,Coastal plain,479.0,12.37440299987793,-3.160823345184326,14.291969299316406,28.291715621948242,0.4020852237254863,0.6791434288024902
2018-07-05,2,Interior orographic,943.0,6.137933731079102,-7.068910121917725,9.141863822937012,20.00503921508789,0.13000053912028967,0.681088387966156
2018-07-05,3,Coastal orographic,102.0,21.329029083251953,1.402356743812561,15.465011596679688,27.81870460510254,0.7299141691196119,0.6959943771362305
2018-07-06,0,Interior plain,3108.0,5.954664707183838,0.45581501722335815,6.535507678985596,12.609323501586914,0.49301232988269295,0.7107341885566711
2018-07-06,1,Coastal plain,479.0,11.708878517150879,5.154240608215332,13.48169231414795,24.505748748779297,0.45382016692631333,0.6256030797958374
2018-07-06,2,Interior orographic,943.0,3.266451358795166,0.4472195506095886,4.275723934173584,8.968024253845215,0.1863870188564924,0.755169153213501
2018-07-06,3,Coastal orographic,102.0,30.001811981201172,11.975272178649902,32.04011917114258,48.1651611328125,0.3760989736833552,0.5313437581062317
2018-07-07,0,Interior plain,3108.0,6.4984660148620605,0.40902596712112427,8.311209678649902,17.612571716308594,0.20154880252152066,0.6947271823883057
2018-07-07,1,Coastal plain,479.0,16.894289016723633,4.099353313446045,12.638317108154297,22.531496047973633,0.73257544219034,0.6691400408744812
2018-07-07,2,Interior orographic,943.0,4.937464237213135,3.436570882797241,5.417862415313721,10.687347412109375,0.42967289273589787,0.7367438077926636
2018-07-07,3,Coastal orographic,102.0,42.4570426940918,-5.123954772949219,21.836057662963867,36.60603713989258,0.7641898765004517,0.6690153479576111
2018-07-08,0,Interior plain,3108.0,7.0750813484191895,3.21767520904541,7.853399276733398,15.073583602905273,0.3036353092628839,0.7179831862449646
2018-07-08,1,Coastal plain,479.0,14.152430534362793,-5.47422981262207,12.223838806152344,25.745502471923828,0.6780544642442548,0.6839302182197571
2018-07-08,2,Interior orographic,943.0,6.347903728485107,-0.26058492064476013,6.807637691497803,13.375555992126465,0.35896701390342534,0.7218193411827087
2018-07-08,3,Coastal orographic,102.0,33.078792572021484,-11.420381546020508,21.6075439453125,35.337371826171875,0.6735553626329144,0.6236323714256287
2018-07-09,0,Interior plain,3108.0,7.621913909912109,2.956836462020874,8.862812995910645,17.015058517456055,0.24967480557325264,0.6966561079025269
2018-07-09,1,Coastal plain,479.0,12.924739837646484,4.4358086585998535,11.509973526000977,22.347070693969727,0.6591268310331536,0.6486091613769531
2018-07-09,2,Interior orographic,943.0,6.590721130371094,-0.11471081525087357,7.4039506912231445,14.634065628051758,0.3350718879799097,0.7022727727890015
2018-07-09,3,Coastal orographic,102.0,35.32377243041992,6.454882621765137,22.51789093017578,32.67275619506836,0.5140238623467344,0.6180510520935059
2018-07-10,0,Interior plain,3108.0,7.4271321296691895,1.8691281080245972,9.217279434204102,16.87980842590332,0.1914043217667215,0.6598281860351562
2018-07-10,1,Coastal plain,479.0,17.14598274230957,6.839684963226318,16.095203399658203,26.627025604248047,0.5197468493314965,0.5890787243843079
2018-07-10,2,Interior orographic,943.0,7.955223560333252,-1.461417555809021,9.888162612915039,18.79607391357422,0.2181749183430015,0.6610234379768372
2018-07-10,3,Coastal orographic,102.0,36.004051208496094,-4.201685428619385,21.97720718383789,29.430191040039062,0.6656931749968817,0.6151079535484314
2018-07-11,0,Interior plain,3108.0,9.489663124084473,6.306263446807861,11.828570365905762,19.731176376342773,0.21163465508249302,0.6025786399841309
2018-07-11,1,Coastal plain,479.0,21.094167709350586,5.953301906585693,16.694459915161133,25.407455444335938,0.6156007390383083,0.5776845216751099
2018-07-11,2,Interior orographic,943.0,8.317018508911133,0.27210313081741333,9.480640411376953,17.742937088012695,0.16347736299050478,0.6684575080871582
2018-07-11,3,Coastal orographic,102.0,40.9058723449707,-9.079819679260254,21.85970687866211,31.17227554321289,0.7382412875220083,0.6461170315742493
2018-07-12,0,Interior plain,3108.0,11.429224014282227,3.250609874725342,13.03973388671875,21.112777709960938,0.18771604845749165,0.6009140610694885
2018-07-12,1,Coastal plain,479.0,21.04564094543457,0.3675875961780548,16.08692169189453,26.482810974121094,0.6107514850297789,0.655829906463623
2018-07-12,2,Interior orographic,943.0,7.414038181304932,3.486872911453247,8.070836067199707,14.442336082458496,0.36116457678981095,0.6720767021179199
2018-07-12,3,Coastal orographic,102.0,30.396778106689453,-18.076032638549805,26.179771423339844,36.429874420166016,0.49226352070070617,0.5893213748931885
2018-07-13,0,Interior plain,3108.0,10.509886741638184,0.0267145074903965,10.975273132324219,18.635433197021484,0.2614825752504018,0.6266756653785706
2018-07-13,1,Coastal plain,479.0,17.77077865600586,-7.591486930847168,14.296603202819824,26.141637802124023,0.6943625861184801,0.6607054471969604
2018-07-13,2,Interior orographic,943.0,8.540986061096191,-1.2472721338272095,10.346424102783203,16.66976547241211,0.12177816893080455,0.6078478693962097
2018-07-13,3,Coastal orographic,102.0,27.269447326660156,-16.566564559936523,22.165557861328125,31.87567901611328,0.6508357749566381,0.570625901222229
2018-07-14,0,Interior plain,3108.0,9.60273551940918,1.5544323921203613,10.406620979309082,16.668819427490234,0.26871263016047914,0.6224643588066101
2018-07-14,1,Coastal plain,479.0,18.50297737121582,3.931001663208008,17.552412033081055,26.97154998779297,0.4861397081630149,0.5896404981613159
2018-07-14,2,Interior orographic,943.0,5.817452430725098,0.7892922759056091,7.004628658294678,12.157208442687988,0.277189402320396,0.6652565598487854
2018-07-14,3,Coastal orographic,102.0,27.812095642089844,-20.670400619506836,33.34706497192383,43.4698371887207,-0.031040052748083028,0.46208199858665466
2018-07-15,0,Interior plain,3108.0,9.311342239379883,2.157499313354492,10.6901216506958,18.61239242553711,0.2795703120715182,0.632211446762085
2018-07-15,1,Coastal plain,479.0,25.635570526123047,-0.815148651599884,20.098031997680664,33.28170394897461,0.5342131906672994,0.6131259799003601
2018-07-15,2,Interior orographic,943.0,8.80266284942627,2.140463352203369,9.094122886657715,16.352182388305664,0.4727470287091457,0.6760557293891907
2018-07-15,3,Coastal orographic,102.0,40.49028396606445,-5.605682849884033,34.51367950439453,45.39346694946289,0.30988546947496115,0.5147013664245605
2018-07-16,0,Interior plain,3108.0,11.205145835876465,3.0276811122894287,12.898539543151855,21.52410125732422,0.27258908823452427,0.6202529072761536
2018-07-16,1,Coastal plain,479.0,27.1616153717041,-1.3979344367980957,22.792280197143555,36.37354278564453,0.506293648154273,0.5980527400970459
2018-07-16,2,Interior orographic,943.0,10.185608863830566,0.9521481394767761,12.09349536895752,22.694183349609375,0.26902541752300935,0.6254157423973083
2018-07-16,3,Coastal orographic,102.0,39.657081604003906,-26.60382652282715,35.96004104614258,53.25677490234375,0.508418199248471,0.5437833666801453
2018-07-17,0,Interior plain,3108.0,8.979714393615723,-4.522521018981934,10.209320068359375,18.20247459411621,0.3576099113922519,0.6471152901649475
2018-07-17,1,Coastal plain,479.0,22.61488914489746,-17.406003952026367,26.290006637573242,43.80891418457031,0.41874416616515187,0.5525985360145569
2018-07-17,2,Interior orographic,943.0,7.184884071350098,-3.395317316055298,8.192520141601562,13.66809368133545,0.4043204175545242,0.6461492776870728
2018-07-17,3,Coastal orographic,102.0,29.161144256591797,-29.426284790039062,32.326080322265625,47.892337799072266,0.42917121336211084,0.499699205160141
2018-07-18,0,Interior plain,3108.0,6.942769527435303,0.7669104337692261,8.328448295593262,16.48960304260254,0.31556643662371453,0.6896334886550903
2018-07-18,1,Coastal plain,479.0,16.02846908569336,-13.56190299987793,17.167695999145508,36.00965881347656,0.6298982102238984,0.6481326818466187
2018-07-18,2,Interior orographic,943.0,5.426578521728516,-3.9660792350769043,7.356720924377441,12.960996627807617,0.09437256595573427,0.6644514799118042
2018-07-18,3,Coastal orographic,102.0,20.347436904907227,-21.842294692993164,24.011913299560547,37.162925720214844,0.3380722380773735,0.5784949064254761
2018-07-19,0,Interior plain,3108.0,6.693448543548584,1.250428318977356,8.567451477050781,16.30841636657715,0.19499027112180053,0.6824365258216858
2018-07-19,1,Coastal plain,479.0,11.787372589111328,2.3481459617614746,12.778687477111816,19.824169158935547,0.32327585708014606,0.5916414260864258
2018-07-19,2,Interior orographic,943.0,3.835627555847168,0.790836751461029,5.263177871704102,10.121373176574707,0.20012207506775054,0.7090920805931091
2018-07-19,3,Coastal orographic,102.0,20.104896545410156,1.3087804317474365,22.216184616088867,29.18533706665039,-0.07685417357179236,0.5035085678100586
2018-07-20,0,Interior plain,3108.0,10.256158828735352,5.307315349578857,13.49003791809082,22.41690444946289,0.15607039192949257,0.5786513686180115
2018-07-20,1,Coastal plain,479.0,15.963944435119629,6.568472385406494,16.41126251220703,25.852251052856445,0.34286360042263614,0.581661581993103
2018-07-20,2,Interior orographic,943.0,7.11355447769165,6.998128890991211,9.428833961486816,16.29669952392578,0.4390014447605534,0.6254959106445312
2018-07-20,3,Coastal orographic,102.0,29.06136131286621,2.221572160720825,26.782129287719727,36.769718170166016,0.21441106041625968,0.5539953112602234
2018-07-21,0,Interior plain,3108.0,11.389420509338379,3.655050277709961,12.499307632446289,23.117448806762695,0.3325164573101834,0.6236288547515869
2018-07-21,1,Coastal plain,479.0,16.834360122680664,-7.7799787521362305,14.633992195129395,27.832233428955078,0.5737583000249541,0.6559520959854126
2018-07-21,2,Interior orographic,943.0,9.255402565002441,3.1163854598999023,9.962597846984863,18.215621948242188,0.47737047025672236,0.6432455778121948
2018-07-21,3,Coastal orographic,102.0,28.328954696655273,-19.683101654052734,25.212129592895508,35.044429779052734,0.5433312970970148,0.5526825189590454
2018-07-22,0,Interior plain,3108.0,12.61613941192627,-0.013587195426225662,12.70875072479248,27.54785919189453,0.33248121599036584,0.6460116505622864
2018-07-22,1,Coastal plain,479.0,11.804200172424316,-12.062110900878906,13.916192054748535,25.981460571289062,0.49988980481999185,0.672590434551239
2018-07-22,2,Interior orographic,943.0,9.805266380310059,-2.9970579147338867,10.512696266174316,18.977153778076172,0.3019900004175342,0.6500738263130188
2018-07-22,3,Coastal orographic,102.0,15.722153663635254,-23.417150497436523,23.482864379882812,31.724313735961914,0.6517745792624549,0.48049506545066833
2018-07-23,0,Interior plain,3108.0,10.080848693847656,-1.7530444860458374,10.914278984069824,17.854900360107422,0.2849297908598569,0.6407240033149719
2018-07-23,1,Coastal plain,479.0,7.215364456176758,-2.676490306854248,8.780740737915039,16.09623908996582,0.2954534665273852,0.6921364068984985
2018-07-23,2,Interior orographic,943.0,9.63688850402832,3.4313411712646484,11.301753044128418,18.253969192504883,0.11185920742212666,0.5899416208267212
2018-07-23,3,Coastal orographic,102.0,10.423723220825195,-11.322665214538574,13.193984031677246,19.60770034790039,0.38862050632146555,0.6080211400985718
2018-07-24,0,Interior plain,3108.0,7.70952033996582,-0.7297509908676147,9.4041748046875,16.10696792602539,0.2767380639973253,0.6452206373214722
2018-07-24,1,Coastal plain,479.0,5.930481910705566,-0.9636257290840149,7.257571697235107,12.887383460998535,0.3592152543712207,0.660274088382721
2018-07-24,2,Interior orographic,943.0,10.775632858276367,-2.272073984146118,12.18289566040039,20.396392822265625,0.17478535888980867,0.5939404368400574
2018-07-24,3,Coastal orographic,102.0,10.433714866638184,-12.796226501464844,14.647377014160156,22.363710403442383,0.31668472754965854,0.5766071081161499
2018-07-25,0,Interior plain,3108.0,10.500675201416016,6.08568811416626,12.24459171295166,22.015748977661133,0.32475800398676985,0.6443074345588684
2018-07-25,1,Coastal plain,479.0,7.076839447021484,2.9468843936920166,10.687346458435059,18.969602584838867,-0.048701985506811776,0.604304850101471
2018-07-25,2,Interior orographic,943.0,8.945651054382324,1.4692506790161133,10.081122398376465,16.691448211669922,0.19955165527841998,0.6090553402900696
2018-07-25,3,Coastal orographic,102.0,10.504158973693848,-13.231110572814941,15.721571922302246,23.7036190032959,0.09001189408052475,0.5540090203285217
2018-07-26,0,Interior plain,3108.0,10.628833770751953,-2.108433723449707,9.590129852294922,18.12646484375,0.4720207722648439,0.7024921774864197
2018-07-26,1,Coastal plain,479.0,7.391629219055176,0.4777231812477112,6.371579170227051,11.905777931213379,0.6392304024918287,0.7332795262336731
2018-07-26,2,Interior orographic,943.0,11.510900497436523,-6.0859694480896,13.835550308227539,23.17505645751953,0.137388047403438,0.5975844264030457
2018-07-26,3,Coastal orographic,102.0,7.828786373138428,-8.483111381530762,11.379853248596191,16.837053298950195,-0.031131024084678473,0.5915390253067017
2018-07-27,0,Interior plain,3108.0,6.487884044647217,-2.6136794090270996,6.579503059387207,15.680953025817871,0.4605940235757841,0.7546537518501282
2018-07-27,1,Coastal plain,479.0,3.742370367050171,-1.652883529663086,3.192621946334839,6.672205448150635,0.7178659393539719,0.8131417632102966
2018-07-27,2,Interior orographic,943.0,8.752685546875,-0.9080531001091003,8.536439895629883,15.357425689697266,0.46547091504352445,0.6741452813148499
2018-07-27,3,Coastal orographic,102.0,4.026123523712158,-4.38908576965332,5.061105728149414,7.544962406158447,0.24667317427533328,0.6781591773033142
2018-07-28,0,Interior plain,3108.0,5.3857221603393555,-0.490302175283432,5.454435348510742,13.789801597595215,0.4557329399910155,0.7959874868392944
2018-07-28,1,Coastal plain,479.0,3.2312710285186768,-0.7780325412750244,3.3996598720550537,6.969672203063965,0.5085472757529599,0.8072536587715149
2018-07-28,2,Interior orographic,943.0,9.860143661499023,1.6219390630722046,9.976311683654785,19.681001663208008,0.43136475123800605,0.6830582022666931
2018-07-28,3,Coastal orographic,102.0,5.192969799041748,-0.4419705867767334,7.450564384460449,11.925024032592773,-0.09935151642975927,0.6306865215301514
2018-07-29,0,Interior plain,3108.0,6.754151344299316,2.5849761962890625,7.542187213897705,17.724525451660156,0.3358474154550056,0.7882347106933594
2018-07-29,1,Coastal plain,479.0,3.944077253341675,1.362962007522583,4.944714069366455,11.001564025878906,0.2936134078526625,0.786999523639679
2018-07-29,2,Interior orographic,943.0,8.271785736083984,-0.6275941133499146,9.072845458984375,18.363887786865234,0.2930954495069122,0.7052088975906372
2018-07-29,3,Coastal orographic,102.0,5.659225940704346,-6.066957950592041,8.830288887023926,15.101066589355469,0.16385844951569795,0.6319987177848816
2018-07-30,0,Interior plain,3108.0,6.958315849304199,0.0072439382784068584,6.168860912322998,14.507037162780762,0.5712763276152516,0.8066037893295288
2018-07-30,1,Coastal plain,479.0,5.124780178070068,3.156190872192383,6.048325061798096,15.567313194274902,0.29108680608929605,0.7806717157363892
2018-07-30,2,Interior orographic,943.0,7.295841693878174,2.154447078704834,5.920924186706543,11.378606796264648,0.6442786621190743,0.7577794790267944
2018-07-30,3,Coastal orographic,102.0,7.216113567352295,6.059561729431152,8.318719863891602,14.220105171203613,0.47790032330007065,0.6420120596885681
2018-07-31,0,Interior plain,3108.0,7.073044300079346,1.4383955001831055,6.159811973571777,13.81775951385498,0.5715229385853042,0.7912548780441284
2018-07-31,1,Coastal plain,479.0,7.703367710113525,3.4055724143981934,7.439011096954346,15.416816711425781,0.6146649178626978,0.7550985217094421
2018-07-31,2,Interior orographic,943.0,7.746825695037842,3.1059188842773438,7.207435131072998,13.430301666259766,0.4632498258391104,0.7386198043823242
2018-07-31,3,Coastal orographic,102.0,14.009363174438477,5.54590368270874,14.572683334350586,23.493511199951172,0.3716628854462181,0.6009392738342285
